{"cameraMode":{"drawMode":0,"name":"Shaded","section":"Shading Mode"},"sceneLighting":true,"audioPlay":false,"sceneViewState":{"showFog":true,"showMaterialUpdate":false,"showSkybox":true,"showFlares":true,"showImageEffects":true,"showParticleSystems":true},"in2DMode":false,"pivot":{"x":9.212018966674805,"y":15.847344398498536,"z":-4.137853622436523},"rotation":{"x":-0.3300328552722931,"y":0.24010784924030305,"z":-0.08710736781358719,"w":-0.9088422060012817},"size":11.554712295532227,"orthographic":false}