{"cameraMode":{"drawMode":0,"name":"Shaded","section":"Shading Mode"},"sceneLighting":true,"audioPlay":false,"sceneViewState":{"showFog":true,"showMaterialUpdate":false,"showSkybox":true,"showFlares":true,"showImageEffects":true,"showParticleSystems":true},"in2DMode":false,"pivot":{"x":366.8289489746094,"y":955.0494384765625,"z":2352.582275390625},"rotation":{"x":-0.11843760311603546,"y":0.03930789604783058,"z":-0.004691794980317354,"w":-0.9921734929084778},"size":4623.216796875,"orthographic":false}