{"cameraMode":{"drawMode":0,"name":"Shaded","section":"Shading Mode"},"sceneLighting":true,"audioPlay":false,"sceneViewState":{"showFog":true,"showMaterialUpdate":false,"showSkybox":true,"showFlares":true,"showImageEffects":true,"showParticleSystems":true},"in2DMode":false,"pivot":{"x":-1.2256746292114258,"y":9.552696228027344,"z":12.453030586242676},"rotation":{"x":-0.3562268912792206,"y":-0.44968608021736147,"z":0.2017974555492401,"w":-0.7938371896743774},"size":7.260533332824707,"orthographic":false}