{"cameraMode":{"drawMode":0,"name":"Shaded","section":"Shading Mode"},"sceneLighting":true,"audioPlay":false,"sceneViewState":{"showFog":true,"showMaterialUpdate":false,"showSkybox":true,"showFlares":true,"showImageEffects":true,"showParticleSystems":true},"in2DMode":false,"pivot":{"x":13.244983673095704,"y":-31.577529907226564,"z":14.207401275634766},"rotation":{"x":0.4967018961906433,"y":0.34133511781692507,"z":-0.22109346091747285,"w":0.7667685151100159},"size":57.78693771362305,"orthographic":false}