{"cameraMode":{"drawMode":0,"name":"Shaded","section":"Shading Mode"},"sceneLighting":true,"audioPlay":false,"sceneViewState":{"showFog":true,"showMaterialUpdate":false,"showSkybox":true,"showFlares":true,"showImageEffects":true,"showParticleSystems":true},"in2DMode":false,"pivot":{"x":12.870940208435059,"y":-19.031272888183595,"z":29.9834041595459},"rotation":{"x":-0.37962403893470766,"y":-0.06210910528898239,"z":0.025579970329999925,"w":-0.9227282404899597},"size":70.02301788330078,"orthographic":false}