{"cameraMode":{"drawMode":0,"name":"Shaded","section":"Shading Mode"},"sceneLighting":true,"audioPlay":false,"sceneViewState":{"showFog":true,"showMaterialUpdate":false,"showSkybox":true,"showFlares":true,"showImageEffects":true,"showParticleSystems":true},"in2DMode":false,"pivot":{"x":52.221458435058597,"y":1976.9312744140625,"z":24.822826385498048},"rotation":{"x":0.01204486470669508,"y":0.9232141375541687,"z":-0.38306915760040285,"w":0.02908298186957836},"size":47.18699264526367,"orthographic":false}